<?xml version="1.0" encoding="UTF-8"?>
<plugin_manifest xmlns="http://www.elgg.org/plugin_manifest/1.8">
	<name>Custom index widgets</name>
	<author>Fx NION</author>
	<version>2.4</version>
	<category>content</category>
	<category>widget</category>
	<description>Customise your index, with severals layout and customisable widgets. And get fun.</description>
	<website>http://fxnion.free.fr/</website>
	<copyright>((C) Fx NION 2009/2010/2011</copyright>
	<license>GNU General Public License version 2</license>
	<requires>
		<type>elgg_release</type>
		<version>1.8.3</version>
	</requires>
	<activate_on_install>false</activate_on_install>
</plugin_manifest>
