<?xml version="1.0" encoding="UTF-8"?>
<plugin_manifest xmlns="http://www.elgg.org/plugin_manifest/1.8">
	<name>Elggchat</name>
	<author>iionly (for Elgg 1.8), ColdTrick IT Solutions</author>
	<version>1.8.1</version>
	<category>communication</category>
	<description>Provides a simple chat based on Elgg.</description>
	<website>https://github.com/iionly</website>
	<copyright>(C) iionly 2014, (C) ColdTrick IT Solutions 2009-2014</copyright>
	<license>GNU Public License version 2</license>
	<requires>
		<type>elgg_release</type>
		<version>1.8</version>
	</requires>
	<suggests>
		<type>plugin</type>
		<name>no_logging</name>
	</suggests>
	<suggests>
		<type>plugin</type>
		<name>friend_request</name>
	</suggests>
</plugin_manifest>
