<?xml version="1.0" encoding="UTF-8"?>
<plugin_manifest xmlns="http://www.elgg.org/plugin_manifest/1.8">
	<name>ReqApp Closed Groups</name>
	<author>Christine Yu</author>
	<version>1.8</version>
	<category>bundled</category>
	<category>social</category>
	<category>widget</category>
	<description>Groups Functionality Extension</description>
	<website>internalfire5@live.com</website>
	<copyright>See COPYRIGHT.txt</copyright>
	<license>GNU General Public License version 2</license>
	<requires>
		<type>elgg_release</type>
		<version>1.8</version>
	</requires>
	<requires>
		<type>plugin</type>
		<name>groups</name>
	</requires>
	<requires>
		<type>priority</type>
		<priority>after</priority>
		<plugin>groups</plugin>
	</requires>
	<requires>
		<type>plugin</type>
		<name>group_tools</name>
	</requires>
	<requires>
		<type>priority</type>
		<priority>after</priority>
		<plugin>group_tools</plugin>
	</requires>
</plugin_manifest>
