<?xml version="1.0" encoding="UTF-8"?>
<plugin_manifest xmlns="http://www.elgg.org/plugin_manifest/1.8">
	<name>Event Calendar</name>
	<author>Kevin Jardine &lt;kevin@radagast.biz&gt;</author>
	<version>0.85</version>
	<category>third-party</category>
	<category>content</category>
	<category>widget</category>
	<blurb>Event calendar</blurb>
	<description>Adds configurable group and/or site-wide event calendars.</description>
	<website>http://radagast.biz/</website>
	<copyright>(C) Radagast Solutions 2009-2011</copyright>
	<license>GNU Public License version 2</license>
	<requires>
		<type>elgg_version</type>
		<version>2010030101</version>
	</requires>
</plugin_manifest>